{
  "PEACE": 0.112454,
  "CRISIS": 0.127827,
  "LIMITED_STRIKES": 0.178221,
  "ACTIVE_CONFLICT": 0.369668,
  "FULL_WAR": 0.21183
}